{
  "name": "equipment-control-system",
  "version": "1.0.0",
  "description": "Sistema de Control de Préstamos de Equipos",
  "scripts": {
    "dev": "vite",
    "build": "tsc && vite build",
    "preview": "vite preview",
    "test:db": "ts-node test-db.ts"
  },
  "dependencies": {
    "react": "^18.2.0",
    "react-dom": "^18.2.0",
    "react-router-dom": "^6.20.0",
    "lucide-react": "^0.263.1",
    "pg": "^8.11.3",
    "dotenv": "^16.3.1"
  },
  "devDependencies": {
    "@types/react": "^18.2.43",
    "@types/react-dom": "^18.2.17",
    "@types/node": "^20.10.5",
    "@types/pg": "^8.10.9",
    "@vitejs/plugin-react": "^4.2.1",
    "typescript": "^5.2.2",
    "vite": "^5.0.8",
    "ts-node": "^10.9.2"
  }
}
